{
    "name": "industrial_object_detector",
    "classes": [
        "damaged_package",
        "good_package"
    ],
    "counts": {
        "train": 294,
        "val": 26,
        "test": 14
    },
    "metrics": {
        "mAP50": 0.9394768356643357,
        "mAP50-95": 0.8612557636807636,
        "precision": 0.8251775698620663,
        "recall": 0.8461538461538461,
        "per_class": {
            "damaged_package": 0.8773179376179379,
            "good_package": 0.8451935897435898
        }
    },
    "assumptions": {
        "camera": "standard industrial/smartphone",
        "lighting": "indoor"
    }
}